topic,coherence_score
0,0.9722195427171149
1,1.3431072942913223
2,0.6974783842836002
3,0.9872698141613426
4,1.0987629250165618
5,0.9904115535701111
6,1.1566955745356098
7,1.153228843288335
8,1.7897202950121542
9,1.29007121266785
10,1.0456513755749874
11,1.12272115772701
12,0.9069319997330161
13,1.6221682492644378
14,0.47408334659918333
