party_name,total_speeches,avg_sentiment,sentiment_std,positive_count,neutral_count,negative_count
CDU,1577,-0.040583386176284084,0.32978483148734367,55,1403,119
SPD,1061,-0.049010367577756835,0.3754889402259867,50,909,102
