topic,cdu_mean,cdu_n,spd_mean,spd_n,difference,more_positive
Wirtschaft & Arbeitsmarkt,-0.02962962962962963,135,-0.08695652173913043,69,0.0573268921095008,CDU
Gesetzgebung & Verfassungsfragen,-0.010443864229765013,383,-0.040892193308550186,269,0.030448329078785173,CDU
Haushalt & Finanzpolitik,-0.06896551724137931,232,-0.08163265306122448,147,0.012667135819845174,CDU
"Außen-, Sicherheits- & Menschenrechtspolitik",-0.047619047619047616,210,-0.05806451612903226,155,0.010445468509984644,CDU
"Europapolitik, Energie & Klima",-0.02702702702702703,148,-0.031914893617021274,94,0.0048878665899942456,CDU
"Sozial-, Familien- & Gesellschaftspolitik",-0.06711409395973154,149,-0.02727272727272727,110,-0.039841366687004276,SPD
"Staat, Verwaltung & öff. Leistungen",-0.06363636363636363,110,-0.014285714285714285,70,-0.049350649350649346,SPD
"Bildung, Forschung & Zukunftspolitik",-0.07142857142857142,126,0.0,81,-0.07142857142857142,SPD
